occurrenceID,type,language,license,rightsHolder,accessRights,datasetID,institutionCode,datasetName,ownerInstitutionCode,basisOfRecord,informationWithheld,dynamicProperties,sex,lifeStage,organismID,organismName,samplingProtocol,samplingEffort,eventDate,minimumElevationInMeters,minimumDistanceAboveSurfaceInMeters,decimalLatitude,decimalLongitude,geodeticDatum,coordinateUncertaintyInMeters,georeferenceSources,georeferenceVerificationStatus,scientificName,kingdom,taxonRank,vernacularName
801:20130517180526,Event,en,http://creativecommons.org/publicdomain/zero/1.0/,INBO,http://www.inbo.be/en/norms-for-data-use,https://doi.org/10.15468/02omly,INBO,Bird tracking - GPS tracking of Lesser Black-backed Gulls and Herring Gulls breeding at the southern North Sea coast,INBO/VLIZ/UGent/UA,MachineObservation,see metadata,"{""device_info_serial"":801, ""catch_location"":""Vismijn, Oostende"", ""tracking_started_at"":""2013-05-17""}",male,adult,H903185,Jurgen,https://doi.org/10.1007/s10336-012-0908-1,"{""seconds_since_last_occurrence"":""""}",2013-05-17T18:05:26Z,0,-59,51.2331793,2.9294278,WGS84,28,GPS,unverified,Larus argentatus,Animalia,species,Herring Gull
801:20130517183540,Event,en,http://creativecommons.org/publicdomain/zero/1.0/,INBO,http://www.inbo.be/en/norms-for-data-use,https://doi.org/10.15468/02omly,INBO,Bird tracking - GPS tracking of Lesser Black-backed Gulls and Herring Gulls breeding at the southern North Sea coast,INBO/VLIZ/UGent/UA,MachineObservation,see metadata,"{""device_info_serial"":801, ""catch_location"":""Vismijn, Oostende"", ""tracking_started_at"":""2013-05-17""}",male,adult,H903185,Jurgen,https://doi.org/10.1007/s10336-012-0908-1,"{""seconds_since_last_occurrence"":1814}",2013-05-17T18:35:40Z,0,14,51.2335265,2.9300549,WGS84,6,GPS,unverified,Larus argentatus,Animalia,species,Herring Gull
801:20130517190534,Event,en,http://creativecommons.org/publicdomain/zero/1.0/,INBO,http://www.inbo.be/en/norms-for-data-use,https://doi.org/10.15468/02omly,INBO,Bird tracking - GPS tracking of Lesser Black-backed Gulls and Herring Gulls breeding at the southern North Sea coast,INBO/VLIZ/UGent/UA,MachineObservation,see metadata,"{""device_info_serial"":801, ""catch_location"":""Vismijn, Oostende"", ""tracking_started_at"":""2013-05-17""}",male,adult,H903185,Jurgen,https://doi.org/10.1007/s10336-012-0908-1,"{""seconds_since_last_occurrence"":1794}",2013-05-17T19:05:34Z,0,-10,51.2334166,2.9302252,WGS84,8,GPS,unverified,Larus argentatus,Animalia,species,Herring Gull
801:20130517193524,Event,en,http://creativecommons.org/publicdomain/zero/1.0/,INBO,http://www.inbo.be/en/norms-for-data-use,https://doi.org/10.15468/02omly,INBO,Bird tracking - GPS tracking of Lesser Black-backed Gulls and Herring Gulls breeding at the southern North Sea coast,INBO/VLIZ/UGent/UA,MachineObservation,see metadata,"{""device_info_serial"":801, ""catch_location"":""Vismijn, Oostende"", ""tracking_started_at"":""2013-05-17""}",male,adult,H903185,Jurgen,https://doi.org/10.1007/s10336-012-0908-1,"{""seconds_since_last_occurrence"":1790}",2013-05-17T19:35:24Z,0,-6,51.2335162,2.930146,WGS84,7,GPS,unverified,Larus argentatus,Animalia,species,Herring Gull
801:20130517200539,Event,en,http://creativecommons.org/publicdomain/zero/1.0/,INBO,http://www.inbo.be/en/norms-for-data-use,https://doi.org/10.15468/02omly,INBO,Bird tracking - GPS tracking of Lesser Black-backed Gulls and Herring Gulls breeding at the southern North Sea coast,INBO/VLIZ/UGent/UA,MachineObservation,see metadata,"{""device_info_serial"":801, ""catch_location"":""Vismijn, Oostende"", ""tracking_started_at"":""2013-05-17""}",male,adult,H903185,Jurgen,https://doi.org/10.1007/s10336-012-0908-1,"{""seconds_since_last_occurrence"":1815}",2013-05-17T20:05:39Z,0,15,51.2334828,2.9301077,WGS84,6,GPS,unverified,Larus argentatus,Animalia,species,Herring Gull
801:20130517203539,Event,en,http://creativecommons.org/publicdomain/zero/1.0/,INBO,http://www.inbo.be/en/norms-for-data-use,https://doi.org/10.15468/02omly,INBO,Bird tracking - GPS tracking of Lesser Black-backed Gulls and Herring Gulls breeding at the southern North Sea coast,INBO/VLIZ/UGent/UA,MachineObservation,see metadata,"{""device_info_serial"":801, ""catch_location"":""Vismijn, Oostende"", ""tracking_started_at"":""2013-05-17""}",male,adult,H903185,Jurgen,https://doi.org/10.1007/s10336-012-0908-1,"{""seconds_since_last_occurrence"":1800}",2013-05-17T20:35:39Z,0,13,51.233497,2.930101,WGS84,10,GPS,unverified,Larus argentatus,Animalia,species,Herring Gull
801:20130517210533,Event,en,http://creativecommons.org/publicdomain/zero/1.0/,INBO,http://www.inbo.be/en/norms-for-data-use,https://doi.org/10.15468/02omly,INBO,Bird tracking - GPS tracking of Lesser Black-backed Gulls and Herring Gulls breeding at the southern North Sea coast,INBO/VLIZ/UGent/UA,MachineObservation,see metadata,"{""device_info_serial"":801, ""catch_location"":""Vismijn, Oostende"", ""tracking_started_at"":""2013-05-17""}",male,adult,H903185,Jurgen,https://doi.org/10.1007/s10336-012-0908-1,"{""seconds_since_last_occurrence"":1794}",2013-05-17T21:05:33Z,0,11,51.2335424,2.9301439,WGS84,14,GPS,unverified,Larus argentatus,Animalia,species,Herring Gull
801:20130517213535,Event,en,http://creativecommons.org/publicdomain/zero/1.0/,INBO,http://www.inbo.be/en/norms-for-data-use,https://doi.org/10.15468/02omly,INBO,Bird tracking - GPS tracking of Lesser Black-backed Gulls and Herring Gulls breeding at the southern North Sea coast,INBO/VLIZ/UGent/UA,MachineObservation,see metadata,"{""device_info_serial"":801, ""catch_location"":""Vismijn, Oostende"", ""tracking_started_at"":""2013-05-17""}",male,adult,H903185,Jurgen,https://doi.org/10.1007/s10336-012-0908-1,"{""seconds_since_last_occurrence"":1802}",2013-05-17T21:35:35Z,0,19,51.2334807,2.9301078,WGS84,7,GPS,unverified,Larus argentatus,Animalia,species,Herring Gull
801:20130517220533,Event,en,http://creativecommons.org/publicdomain/zero/1.0/,INBO,http://www.inbo.be/en/norms-for-data-use,https://doi.org/10.15468/02omly,INBO,Bird tracking - GPS tracking of Lesser Black-backed Gulls and Herring Gulls breeding at the southern North Sea coast,INBO/VLIZ/UGent/UA,MachineObservation,see metadata,"{""device_info_serial"":801, ""catch_location"":""Vismijn, Oostende"", ""tracking_started_at"":""2013-05-17""}",male,adult,H903185,Jurgen,https://doi.org/10.1007/s10336-012-0908-1,"{""seconds_since_last_occurrence"":1798}",2013-05-17T22:05:33Z,0,9,51.2334775,2.930062,WGS84,11,GPS,unverified,Larus argentatus,Animalia,species,Herring Gull
801:20130517223523,Event,en,http://creativecommons.org/publicdomain/zero/1.0/,INBO,http://www.inbo.be/en/norms-for-data-use,https://doi.org/10.15468/02omly,INBO,Bird tracking - GPS tracking of Lesser Black-backed Gulls and Herring Gulls breeding at the southern North Sea coast,INBO/VLIZ/UGent/UA,MachineObservation,see metadata,"{""device_info_serial"":801, ""catch_location"":""Vismijn, Oostende"", ""tracking_started_at"":""2013-05-17""}",male,adult,H903185,Jurgen,https://doi.org/10.1007/s10336-012-0908-1,"{""seconds_since_last_occurrence"":1790}",2013-05-17T22:35:23Z,0,1,51.2334458,2.93002,WGS84,14,GPS,unverified,Larus argentatus,Animalia,species,Herring Gull
801:20130517233522,Event,en,http://creativecommons.org/publicdomain/zero/1.0/,INBO,http://www.inbo.be/en/norms-for-data-use,https://doi.org/10.15468/02omly,INBO,Bird tracking - GPS tracking of Lesser Black-backed Gulls and Herring Gulls breeding at the southern North Sea coast,INBO/VLIZ/UGent/UA,MachineObservation,see metadata,"{""device_info_serial"":801, ""catch_location"":""Vismijn, Oostende"", ""tracking_started_at"":""2013-05-17""}",male,adult,H903185,Jurgen,https://doi.org/10.1007/s10336-012-0908-1,"{""seconds_since_last_occurrence"":3599}",2013-05-17T23:35:22Z,0,22,51.2334852,2.9300274,WGS84,6,GPS,unverified,Larus argentatus,Animalia,species,Herring Gull
801:20130518003549,Event,en,http://creativecommons.org/publicdomain/zero/1.0/,INBO,http://www.inbo.be/en/norms-for-data-use,https://doi.org/10.15468/02omly,INBO,Bird tracking - GPS tracking of Lesser Black-backed Gulls and Herring Gulls breeding at the southern North Sea coast,INBO/VLIZ/UGent/UA,MachineObservation,see metadata,"{""device_info_serial"":801, ""catch_location"":""Vismijn, Oostende"", ""tracking_started_at"":""2013-05-17""}",male,adult,H903185,Jurgen,https://doi.org/10.1007/s10336-012-0908-1,"{""seconds_since_last_occurrence"":3627}",2013-05-18T00:35:49Z,0,1,51.2336368,2.9300702,WGS84,16,GPS,unverified,Larus argentatus,Animalia,species,Herring Gull
801:20130518013634,Event,en,http://creativecommons.org/publicdomain/zero/1.0/,INBO,http://www.inbo.be/en/norms-for-data-use,https://doi.org/10.15468/02omly,INBO,Bird tracking - GPS tracking of Lesser Black-backed Gulls and Herring Gulls breeding at the southern North Sea coast,INBO/VLIZ/UGent/UA,MachineObservation,see metadata,"{""device_info_serial"":801, ""catch_location"":""Vismijn, Oostende"", ""tracking_started_at"":""2013-05-17""}",male,adult,H903185,Jurgen,https://doi.org/10.1007/s10336-012-0908-1,"{""seconds_since_last_occurrence"":3645}",2013-05-18T01:36:34Z,0,13,51.2334629,2.9300837,WGS84,5,GPS,unverified,Larus argentatus,Animalia,species,Herring Gull
801:20130518023642,Event,en,http://creativecommons.org/publicdomain/zero/1.0/,INBO,http://www.inbo.be/en/norms-for-data-use,https://doi.org/10.15468/02omly,INBO,Bird tracking - GPS tracking of Lesser Black-backed Gulls and Herring Gulls breeding at the southern North Sea coast,INBO/VLIZ/UGent/UA,MachineObservation,see metadata,"{""device_info_serial"":801, ""catch_location"":""Vismijn, Oostende"", ""tracking_started_at"":""2013-05-17""}",male,adult,H903185,Jurgen,https://doi.org/10.1007/s10336-012-0908-1,"{""seconds_since_last_occurrence"":3608}",2013-05-18T02:36:42Z,0,0,51.2334656,2.9299976,WGS84,7,GPS,unverified,Larus argentatus,Animalia,species,Herring Gull
801:20130518033642,Event,en,http://creativecommons.org/publicdomain/zero/1.0/,INBO,http://www.inbo.be/en/norms-for-data-use,https://doi.org/10.15468/02omly,INBO,Bird tracking - GPS tracking of Lesser Black-backed Gulls and Herring Gulls breeding at the southern North Sea coast,INBO/VLIZ/UGent/UA,MachineObservation,see metadata,"{""device_info_serial"":801, ""catch_location"":""Vismijn, Oostende"", ""tracking_started_at"":""2013-05-17""}",male,adult,H903185,Jurgen,https://doi.org/10.1007/s10336-012-0908-1,"{""seconds_since_last_occurrence"":3600}",2013-05-18T03:36:42Z,0,13,51.2335142,2.9300391,WGS84,14,GPS,unverified,Larus argentatus,Animalia,species,Herring Gull
801:20130518044049,Event,en,http://creativecommons.org/publicdomain/zero/1.0/,INBO,http://www.inbo.be/en/norms-for-data-use,https://doi.org/10.15468/02omly,INBO,Bird tracking - GPS tracking of Lesser Black-backed Gulls and Herring Gulls breeding at the southern North Sea coast,INBO/VLIZ/UGent/UA,MachineObservation,see metadata,"{""device_info_serial"":801, ""catch_location"":""Vismijn, Oostende"", ""tracking_started_at"":""2013-05-17""}",male,adult,H903185,Jurgen,https://doi.org/10.1007/s10336-012-0908-1,"{""seconds_since_last_occurrence"":3847}",2013-05-18T04:40:49Z,0,-3,51.2438277,2.9277227,WGS84,18,GPS,unverified,Larus argentatus,Animalia,species,Herring Gull
801:20130518051110,Event,en,http://creativecommons.org/publicdomain/zero/1.0/,INBO,http://www.inbo.be/en/norms-for-data-use,https://doi.org/10.15468/02omly,INBO,Bird tracking - GPS tracking of Lesser Black-backed Gulls and Herring Gulls breeding at the southern North Sea coast,INBO/VLIZ/UGent/UA,MachineObservation,see metadata,"{""device_info_serial"":801, ""catch_location"":""Vismijn, Oostende"", ""tracking_started_at"":""2013-05-17""}",male,adult,H903185,Jurgen,https://doi.org/10.1007/s10336-012-0908-1,"{""seconds_since_last_occurrence"":1821}",2013-05-18T05:11:10Z,0,15,51.2422381,2.9406941,WGS84,24,GPS,unverified,Larus argentatus,Animalia,species,Herring Gull
801:20130518054133,Event,en,http://creativecommons.org/publicdomain/zero/1.0/,INBO,http://www.inbo.be/en/norms-for-data-use,https://doi.org/10.15468/02omly,INBO,Bird tracking - GPS tracking of Lesser Black-backed Gulls and Herring Gulls breeding at the southern North Sea coast,INBO/VLIZ/UGent/UA,MachineObservation,see metadata,"{""device_info_serial"":801, ""catch_location"":""Vismijn, Oostende"", ""tracking_started_at"":""2013-05-17""}",male,adult,H903185,Jurgen,https://doi.org/10.1007/s10336-012-0908-1,"{""seconds_since_last_occurrence"":1823}",2013-05-18T05:41:33Z,0,17,51.2335088,2.9299045,WGS84,6,GPS,unverified,Larus argentatus,Animalia,species,Herring Gull
801:20130518061133,Event,en,http://creativecommons.org/publicdomain/zero/1.0/,INBO,http://www.inbo.be/en/norms-for-data-use,https://doi.org/10.15468/02omly,INBO,Bird tracking - GPS tracking of Lesser Black-backed Gulls and Herring Gulls breeding at the southern North Sea coast,INBO/VLIZ/UGent/UA,MachineObservation,see metadata,"{""device_info_serial"":801, ""catch_location"":""Vismijn, Oostende"", ""tracking_started_at"":""2013-05-17""}",male,adult,H903185,Jurgen,https://doi.org/10.1007/s10336-012-0908-1,"{""seconds_since_last_occurrence"":1800}",2013-05-18T06:11:33Z,0,2,51.2336305,2.9299294,WGS84,11,GPS,unverified,Larus argentatus,Animalia,species,Herring Gull
801:20130518064136,Event,en,http://creativecommons.org/publicdomain/zero/1.0/,INBO,http://www.inbo.be/en/norms-for-data-use,https://doi.org/10.15468/02omly,INBO,Bird tracking - GPS tracking of Lesser Black-backed Gulls and Herring Gulls breeding at the southern North Sea coast,INBO/VLIZ/UGent/UA,MachineObservation,see metadata,"{""device_info_serial"":801, ""catch_location"":""Vismijn, Oostende"", ""tracking_started_at"":""2013-05-17""}",male,adult,H903185,Jurgen,https://doi.org/10.1007/s10336-012-0908-1,"{""seconds_since_last_occurrence"":1803}",2013-05-18T06:41:36Z,0,18,51.2380398,2.9227627,WGS84,15,GPS,unverified,Larus argentatus,Animalia,species,Herring Gull
801:20130518071129,Event,en,http://creativecommons.org/publicdomain/zero/1.0/,INBO,http://www.inbo.be/en/norms-for-data-use,https://doi.org/10.15468/02omly,INBO,Bird tracking - GPS tracking of Lesser Black-backed Gulls and Herring Gulls breeding at the southern North Sea coast,INBO/VLIZ/UGent/UA,MachineObservation,see metadata,"{""device_info_serial"":801, ""catch_location"":""Vismijn, Oostende"", ""tracking_started_at"":""2013-05-17""}",male,adult,H903185,Jurgen,https://doi.org/10.1007/s10336-012-0908-1,"{""seconds_since_last_occurrence"":1793}",2013-05-18T07:11:29Z,0,14,51.2334934,2.929957,WGS84,10,GPS,unverified,Larus argentatus,Animalia,species,Herring Gull
801:20130518074139,Event,en,http://creativecommons.org/publicdomain/zero/1.0/,INBO,http://www.inbo.be/en/norms-for-data-use,https://doi.org/10.15468/02omly,INBO,Bird tracking - GPS tracking of Lesser Black-backed Gulls and Herring Gulls breeding at the southern North Sea coast,INBO/VLIZ/UGent/UA,MachineObservation,see metadata,"{""device_info_serial"":801, ""catch_location"":""Vismijn, Oostende"", ""tracking_started_at"":""2013-05-17""}",male,adult,H903185,Jurgen,https://doi.org/10.1007/s10336-012-0908-1,"{""seconds_since_last_occurrence"":1810}",2013-05-18T07:41:39Z,0,14,51.2335193,2.9299606,WGS84,4,GPS,unverified,Larus argentatus,Animalia,species,Herring Gull
801:20130518081138,Event,en,http://creativecommons.org/publicdomain/zero/1.0/,INBO,http://www.inbo.be/en/norms-for-data-use,https://doi.org/10.15468/02omly,INBO,Bird tracking - GPS tracking of Lesser Black-backed Gulls and Herring Gulls breeding at the southern North Sea coast,INBO/VLIZ/UGent/UA,MachineObservation,see metadata,"{""device_info_serial"":801, ""catch_location"":""Vismijn, Oostende"", ""tracking_started_at"":""2013-05-17""}",male,adult,H903185,Jurgen,https://doi.org/10.1007/s10336-012-0908-1,"{""seconds_since_last_occurrence"":1799}",2013-05-18T08:11:38Z,0,15,51.2335148,2.9299916,WGS84,13,GPS,unverified,Larus argentatus,Animalia,species,Herring Gull
801:20130518084130,Event,en,http://creativecommons.org/publicdomain/zero/1.0/,INBO,http://www.inbo.be/en/norms-for-data-use,https://doi.org/10.15468/02omly,INBO,Bird tracking - GPS tracking of Lesser Black-backed Gulls and Herring Gulls breeding at the southern North Sea coast,INBO/VLIZ/UGent/UA,MachineObservation,see metadata,"{""device_info_serial"":801, ""catch_location"":""Vismijn, Oostende"", ""tracking_started_at"":""2013-05-17""}",male,adult,H903185,Jurgen,https://doi.org/10.1007/s10336-012-0908-1,"{""seconds_since_last_occurrence"":1792}",2013-05-18T08:41:30Z,0,17,51.2335364,2.9300996,WGS84,7,GPS,unverified,Larus argentatus,Animalia,species,Herring Gull
801:20130518091123,Event,en,http://creativecommons.org/publicdomain/zero/1.0/,INBO,http://www.inbo.be/en/norms-for-data-use,https://doi.org/10.15468/02omly,INBO,Bird tracking - GPS tracking of Lesser Black-backed Gulls and Herring Gulls breeding at the southern North Sea coast,INBO/VLIZ/UGent/UA,MachineObservation,see metadata,"{""device_info_serial"":801, ""catch_location"":""Vismijn, Oostende"", ""tracking_started_at"":""2013-05-17""}",male,adult,H903185,Jurgen,https://doi.org/10.1007/s10336-012-0908-1,"{""seconds_since_last_occurrence"":1793}",2013-05-18T09:11:23Z,0,31,51.2334805,2.930142,WGS84,12,GPS,unverified,Larus argentatus,Animalia,species,Herring Gull
801:20130518094125,Event,en,http://creativecommons.org/publicdomain/zero/1.0/,INBO,http://www.inbo.be/en/norms-for-data-use,https://doi.org/10.15468/02omly,INBO,Bird tracking - GPS tracking of Lesser Black-backed Gulls and Herring Gulls breeding at the southern North Sea coast,INBO/VLIZ/UGent/UA,MachineObservation,see metadata,"{""device_info_serial"":801, ""catch_location"":""Vismijn, Oostende"", ""tracking_started_at"":""2013-05-17""}",male,adult,H903185,Jurgen,https://doi.org/10.1007/s10336-012-0908-1,"{""seconds_since_last_occurrence"":1802}",2013-05-18T09:41:25Z,0,10,51.2335493,2.9300356,WGS84,12,GPS,unverified,Larus argentatus,Animalia,species,Herring Gull
801:20130518101207,Event,en,http://creativecommons.org/publicdomain/zero/1.0/,INBO,http://www.inbo.be/en/norms-for-data-use,https://doi.org/10.15468/02omly,INBO,Bird tracking - GPS tracking of Lesser Black-backed Gulls and Herring Gulls breeding at the southern North Sea coast,INBO/VLIZ/UGent/UA,MachineObservation,see metadata,"{""device_info_serial"":801, ""catch_location"":""Vismijn, Oostende"", ""tracking_started_at"":""2013-05-17""}",male,adult,H903185,Jurgen,https://doi.org/10.1007/s10336-012-0908-1,"{""seconds_since_last_occurrence"":1842}",2013-05-18T10:12:07Z,0,21,51.2381833,2.9227217,WGS84,22,GPS,unverified,Larus argentatus,Animalia,species,Herring Gull
801:20130518104320,Event,en,http://creativecommons.org/publicdomain/zero/1.0/,INBO,http://www.inbo.be/en/norms-for-data-use,https://doi.org/10.15468/02omly,INBO,Bird tracking - GPS tracking of Lesser Black-backed Gulls and Herring Gulls breeding at the southern North Sea coast,INBO/VLIZ/UGent/UA,MachineObservation,see metadata,"{""device_info_serial"":801, ""catch_location"":""Vismijn, Oostende"", ""tracking_started_at"":""2013-05-17""}",male,adult,H903185,Jurgen,https://doi.org/10.1007/s10336-012-0908-1,"{""seconds_since_last_occurrence"":1873}",2013-05-18T10:43:20Z,0,8,51.2391683,2.914445,WGS84,20,GPS,unverified,Larus argentatus,Animalia,species,Herring Gull
801:20130518111404,Event,en,http://creativecommons.org/publicdomain/zero/1.0/,INBO,http://www.inbo.be/en/norms-for-data-use,https://doi.org/10.15468/02omly,INBO,Bird tracking - GPS tracking of Lesser Black-backed Gulls and Herring Gulls breeding at the southern North Sea coast,INBO/VLIZ/UGent/UA,MachineObservation,see metadata,"{""device_info_serial"":801, ""catch_location"":""Vismijn, Oostende"", ""tracking_started_at"":""2013-05-17""}",male,adult,H903185,Jurgen,https://doi.org/10.1007/s10336-012-0908-1,"{""seconds_since_last_occurrence"":1844}",2013-05-18T11:14:04Z,0,3,51.2322828,2.8173308,WGS84,8,GPS,unverified,Larus argentatus,Animalia,species,Herring Gull
801:20130518114419,Event,en,http://creativecommons.org/publicdomain/zero/1.0/,INBO,http://www.inbo.be/en/norms-for-data-use,https://doi.org/10.15468/02omly,INBO,Bird tracking - GPS tracking of Lesser Black-backed Gulls and Herring Gulls breeding at the southern North Sea coast,INBO/VLIZ/UGent/UA,MachineObservation,see metadata,"{""device_info_serial"":801, ""catch_location"":""Vismijn, Oostende"", ""tracking_started_at"":""2013-05-17""}",male,adult,H903185,Jurgen,https://doi.org/10.1007/s10336-012-0908-1,"{""seconds_since_last_occurrence"":1815}",2013-05-18T11:44:19Z,0,8,51.226481,2.8941827,WGS84,29,GPS,unverified,Larus argentatus,Animalia,species,Herring Gull
801:20130518121400,Event,en,http://creativecommons.org/publicdomain/zero/1.0/,INBO,http://www.inbo.be/en/norms-for-data-use,https://doi.org/10.15468/02omly,INBO,Bird tracking - GPS tracking of Lesser Black-backed Gulls and Herring Gulls breeding at the southern North Sea coast,INBO/VLIZ/UGent/UA,MachineObservation,see metadata,"{""device_info_serial"":801, ""catch_location"":""Vismijn, Oostende"", ""tracking_started_at"":""2013-05-17""}",male,adult,H903185,Jurgen,https://doi.org/10.1007/s10336-012-0908-1,"{""seconds_since_last_occurrence"":1781}",2013-05-18T12:14:00Z,0,16,51.2335097,2.9299962,WGS84,7,GPS,unverified,Larus argentatus,Animalia,species,Herring Gull
801:20130518122354,Event,en,http://creativecommons.org/publicdomain/zero/1.0/,INBO,http://www.inbo.be/en/norms-for-data-use,https://doi.org/10.15468/02omly,INBO,Bird tracking - GPS tracking of Lesser Black-backed Gulls and Herring Gulls breeding at the southern North Sea coast,INBO/VLIZ/UGent/UA,MachineObservation,see metadata,"{""device_info_serial"":801, ""catch_location"":""Vismijn, Oostende"", ""tracking_started_at"":""2013-05-17""}",male,adult,H903185,Jurgen,https://doi.org/10.1007/s10336-012-0908-1,"{""seconds_since_last_occurrence"":594}",2013-05-18T12:23:54Z,0,24,51.2335178,2.9300138,WGS84,6,GPS,unverified,Larus argentatus,Animalia,species,Herring Gull
801:20130518122930,Event,en,http://creativecommons.org/publicdomain/zero/1.0/,INBO,http://www.inbo.be/en/norms-for-data-use,https://doi.org/10.15468/02omly,INBO,Bird tracking - GPS tracking of Lesser Black-backed Gulls and Herring Gulls breeding at the southern North Sea coast,INBO/VLIZ/UGent/UA,MachineObservation,see metadata,"{""device_info_serial"":801, ""catch_location"":""Vismijn, Oostende"", ""tracking_started_at"":""2013-05-17""}",male,adult,H903185,Jurgen,https://doi.org/10.1007/s10336-012-0908-1,"{""seconds_since_last_occurrence"":336}",2013-05-18T12:29:30Z,0,19,51.2335076,2.9300124,WGS84,7,GPS,unverified,Larus argentatus,Animalia,species,Herring Gull
801:20130518123923,Event,en,http://creativecommons.org/publicdomain/zero/1.0/,INBO,http://www.inbo.be/en/norms-for-data-use,https://doi.org/10.15468/02omly,INBO,Bird tracking - GPS tracking of Lesser Black-backed Gulls and Herring Gulls breeding at the southern North Sea coast,INBO/VLIZ/UGent/UA,MachineObservation,see metadata,"{""device_info_serial"":801, ""catch_location"":""Vismijn, Oostende"", ""tracking_started_at"":""2013-05-17""}",male,adult,H903185,Jurgen,https://doi.org/10.1007/s10336-012-0908-1,"{""seconds_since_last_occurrence"":593}",2013-05-18T12:39:23Z,0,0,51.2335089,2.9298919,WGS84,9,GPS,unverified,Larus argentatus,Animalia,species,Herring Gull
801:20130518124914,Event,en,http://creativecommons.org/publicdomain/zero/1.0/,INBO,http://www.inbo.be/en/norms-for-data-use,https://doi.org/10.15468/02omly,INBO,Bird tracking - GPS tracking of Lesser Black-backed Gulls and Herring Gulls breeding at the southern North Sea coast,INBO/VLIZ/UGent/UA,MachineObservation,see metadata,"{""device_info_serial"":801, ""catch_location"":""Vismijn, Oostende"", ""tracking_started_at"":""2013-05-17""}",male,adult,H903185,Jurgen,https://doi.org/10.1007/s10336-012-0908-1,"{""seconds_since_last_occurrence"":591}",2013-05-18T12:49:14Z,0,18,51.2334789,2.9300651,WGS84,12,GPS,unverified,Larus argentatus,Animalia,species,Herring Gull
801:20130518125912,Event,en,http://creativecommons.org/publicdomain/zero/1.0/,INBO,http://www.inbo.be/en/norms-for-data-use,https://doi.org/10.15468/02omly,INBO,Bird tracking - GPS tracking of Lesser Black-backed Gulls and Herring Gulls breeding at the southern North Sea coast,INBO/VLIZ/UGent/UA,MachineObservation,see metadata,"{""device_info_serial"":801, ""catch_location"":""Vismijn, Oostende"", ""tracking_started_at"":""2013-05-17""}",male,adult,H903185,Jurgen,https://doi.org/10.1007/s10336-012-0908-1,"{""seconds_since_last_occurrence"":598}",2013-05-18T12:59:12Z,0,28,51.2412781,2.9383333,WGS84,16,GPS,unverified,Larus argentatus,Animalia,species,Herring Gull
801:20130518130916,Event,en,http://creativecommons.org/publicdomain/zero/1.0/,INBO,http://www.inbo.be/en/norms-for-data-use,https://doi.org/10.15468/02omly,INBO,Bird tracking - GPS tracking of Lesser Black-backed Gulls and Herring Gulls breeding at the southern North Sea coast,INBO/VLIZ/UGent/UA,MachineObservation,see metadata,"{""device_info_serial"":801, ""catch_location"":""Vismijn, Oostende"", ""tracking_started_at"":""2013-05-17""}",male,adult,H903185,Jurgen,https://doi.org/10.1007/s10336-012-0908-1,"{""seconds_since_last_occurrence"":604}",2013-05-18T13:09:16Z,0,1,51.2471123,2.946227,WGS84,17,GPS,unverified,Larus argentatus,Animalia,species,Herring Gull
801:20130518131910,Event,en,http://creativecommons.org/publicdomain/zero/1.0/,INBO,http://www.inbo.be/en/norms-for-data-use,https://doi.org/10.15468/02omly,INBO,Bird tracking - GPS tracking of Lesser Black-backed Gulls and Herring Gulls breeding at the southern North Sea coast,INBO/VLIZ/UGent/UA,MachineObservation,see metadata,"{""device_info_serial"":801, ""catch_location"":""Vismijn, Oostende"", ""tracking_started_at"":""2013-05-17""}",male,adult,H903185,Jurgen,https://doi.org/10.1007/s10336-012-0908-1,"{""seconds_since_last_occurrence"":594}",2013-05-18T13:19:10Z,0,23,51.2374141,2.932733,WGS84,23,GPS,unverified,Larus argentatus,Animalia,species,Herring Gull
801:20130518132903,Event,en,http://creativecommons.org/publicdomain/zero/1.0/,INBO,http://www.inbo.be/en/norms-for-data-use,https://doi.org/10.15468/02omly,INBO,Bird tracking - GPS tracking of Lesser Black-backed Gulls and Herring Gulls breeding at the southern North Sea coast,INBO/VLIZ/UGent/UA,MachineObservation,see metadata,"{""device_info_serial"":801, ""catch_location"":""Vismijn, Oostende"", ""tracking_started_at"":""2013-05-17""}",male,adult,H903185,Jurgen,https://doi.org/10.1007/s10336-012-0908-1,"{""seconds_since_last_occurrence"":593}",2013-05-18T13:29:03Z,0,23,51.2336948,2.9300755,WGS84,22,GPS,unverified,Larus argentatus,Animalia,species,Herring Gull
801:20130518133850,Event,en,http://creativecommons.org/publicdomain/zero/1.0/,INBO,http://www.inbo.be/en/norms-for-data-use,https://doi.org/10.15468/02omly,INBO,Bird tracking - GPS tracking of Lesser Black-backed Gulls and Herring Gulls breeding at the southern North Sea coast,INBO/VLIZ/UGent/UA,MachineObservation,see metadata,"{""device_info_serial"":801, ""catch_location"":""Vismijn, Oostende"", ""tracking_started_at"":""2013-05-17""}",male,adult,H903185,Jurgen,https://doi.org/10.1007/s10336-012-0908-1,"{""seconds_since_last_occurrence"":587}",2013-05-18T13:38:50Z,0,22,51.2335736,2.9300115,WGS84,15,GPS,unverified,Larus argentatus,Animalia,species,Herring Gull
801:20130518134854,Event,en,http://creativecommons.org/publicdomain/zero/1.0/,INBO,http://www.inbo.be/en/norms-for-data-use,https://doi.org/10.15468/02omly,INBO,Bird tracking - GPS tracking of Lesser Black-backed Gulls and Herring Gulls breeding at the southern North Sea coast,INBO/VLIZ/UGent/UA,MachineObservation,see metadata,"{""device_info_serial"":801, ""catch_location"":""Vismijn, Oostende"", ""tracking_started_at"":""2013-05-17""}",male,adult,H903185,Jurgen,https://doi.org/10.1007/s10336-012-0908-1,"{""seconds_since_last_occurrence"":604}",2013-05-18T13:48:54Z,0,33,51.2334251,2.9301575,WGS84,34,GPS,unverified,Larus argentatus,Animalia,species,Herring Gull
801:20130518135907,Event,en,http://creativecommons.org/publicdomain/zero/1.0/,INBO,http://www.inbo.be/en/norms-for-data-use,https://doi.org/10.15468/02omly,INBO,Bird tracking - GPS tracking of Lesser Black-backed Gulls and Herring Gulls breeding at the southern North Sea coast,INBO/VLIZ/UGent/UA,MachineObservation,see metadata,"{""device_info_serial"":801, ""catch_location"":""Vismijn, Oostende"", ""tracking_started_at"":""2013-05-17""}",male,adult,H903185,Jurgen,https://doi.org/10.1007/s10336-012-0908-1,"{""seconds_since_last_occurrence"":613}",2013-05-18T13:59:07Z,0,153,51.2335049,2.931087,WGS84,46,GPS,unverified,Larus argentatus,Animalia,species,Herring Gull
801:20130518140927,Event,en,http://creativecommons.org/publicdomain/zero/1.0/,INBO,http://www.inbo.be/en/norms-for-data-use,https://doi.org/10.15468/02omly,INBO,Bird tracking - GPS tracking of Lesser Black-backed Gulls and Herring Gulls breeding at the southern North Sea coast,INBO/VLIZ/UGent/UA,MachineObservation,see metadata,"{""device_info_serial"":801, ""catch_location"":""Vismijn, Oostende"", ""tracking_started_at"":""2013-05-17""}",male,adult,H903185,Jurgen,https://doi.org/10.1007/s10336-012-0908-1,"{""seconds_since_last_occurrence"":620}",2013-05-18T14:09:27Z,0,23,51.2334951,2.9301491,WGS84,13,GPS,unverified,Larus argentatus,Animalia,species,Herring Gull
801:20130518141922,Event,en,http://creativecommons.org/publicdomain/zero/1.0/,INBO,http://www.inbo.be/en/norms-for-data-use,https://doi.org/10.15468/02omly,INBO,Bird tracking - GPS tracking of Lesser Black-backed Gulls and Herring Gulls breeding at the southern North Sea coast,INBO/VLIZ/UGent/UA,MachineObservation,see metadata,"{""device_info_serial"":801, ""catch_location"":""Vismijn, Oostende"", ""tracking_started_at"":""2013-05-17""}",male,adult,H903185,Jurgen,https://doi.org/10.1007/s10336-012-0908-1,"{""seconds_since_last_occurrence"":595}",2013-05-18T14:19:22Z,0,23,51.2334909,2.9301661,WGS84,14,GPS,unverified,Larus argentatus,Animalia,species,Herring Gull
801:20130518142858,Event,en,http://creativecommons.org/publicdomain/zero/1.0/,INBO,http://www.inbo.be/en/norms-for-data-use,https://doi.org/10.15468/02omly,INBO,Bird tracking - GPS tracking of Lesser Black-backed Gulls and Herring Gulls breeding at the southern North Sea coast,INBO/VLIZ/UGent/UA,MachineObservation,see metadata,"{""device_info_serial"":801, ""catch_location"":""Vismijn, Oostende"", ""tracking_started_at"":""2013-05-17""}",male,adult,H903185,Jurgen,https://doi.org/10.1007/s10336-012-0908-1,"{""seconds_since_last_occurrence"":576}",2013-05-18T14:28:58Z,0,26,51.2334774,2.9302546,WGS84,13,GPS,unverified,Larus argentatus,Animalia,species,Herring Gull
801:20130518143850,Event,en,http://creativecommons.org/publicdomain/zero/1.0/,INBO,http://www.inbo.be/en/norms-for-data-use,https://doi.org/10.15468/02omly,INBO,Bird tracking - GPS tracking of Lesser Black-backed Gulls and Herring Gulls breeding at the southern North Sea coast,INBO/VLIZ/UGent/UA,MachineObservation,see metadata,"{""device_info_serial"":801, ""catch_location"":""Vismijn, Oostende"", ""tracking_started_at"":""2013-05-17""}",male,adult,H903185,Jurgen,https://doi.org/10.1007/s10336-012-0908-1,"{""seconds_since_last_occurrence"":592}",2013-05-18T14:38:50Z,0,21,51.2334782,2.9302213,WGS84,12,GPS,unverified,Larus argentatus,Animalia,species,Herring Gull
801:20130518144843,Event,en,http://creativecommons.org/publicdomain/zero/1.0/,INBO,http://www.inbo.be/en/norms-for-data-use,https://doi.org/10.15468/02omly,INBO,Bird tracking - GPS tracking of Lesser Black-backed Gulls and Herring Gulls breeding at the southern North Sea coast,INBO/VLIZ/UGent/UA,MachineObservation,see metadata,"{""device_info_serial"":801, ""catch_location"":""Vismijn, Oostende"", ""tracking_started_at"":""2013-05-17""}",male,adult,H903185,Jurgen,https://doi.org/10.1007/s10336-012-0908-1,"{""seconds_since_last_occurrence"":593}",2013-05-18T14:48:43Z,0,34,51.2334704,2.9303309,WGS84,11,GPS,unverified,Larus argentatus,Animalia,species,Herring Gull
801:20130518145834,Event,en,http://creativecommons.org/publicdomain/zero/1.0/,INBO,http://www.inbo.be/en/norms-for-data-use,https://doi.org/10.15468/02omly,INBO,Bird tracking - GPS tracking of Lesser Black-backed Gulls and Herring Gulls breeding at the southern North Sea coast,INBO/VLIZ/UGent/UA,MachineObservation,see metadata,"{""device_info_serial"":801, ""catch_location"":""Vismijn, Oostende"", ""tracking_started_at"":""2013-05-17""}",male,adult,H903185,Jurgen,https://doi.org/10.1007/s10336-012-0908-1,"{""seconds_since_last_occurrence"":591}",2013-05-18T14:58:34Z,0,17,51.2334982,2.9302185,WGS84,17,GPS,unverified,Larus argentatus,Animalia,species,Herring Gull
801:20130518150830,Event,en,http://creativecommons.org/publicdomain/zero/1.0/,INBO,http://www.inbo.be/en/norms-for-data-use,https://doi.org/10.15468/02omly,INBO,Bird tracking - GPS tracking of Lesser Black-backed Gulls and Herring Gulls breeding at the southern North Sea coast,INBO/VLIZ/UGent/UA,MachineObservation,see metadata,"{""device_info_serial"":801, ""catch_location"":""Vismijn, Oostende"", ""tracking_started_at"":""2013-05-17""}",male,adult,H903185,Jurgen,https://doi.org/10.1007/s10336-012-0908-1,"{""seconds_since_last_occurrence"":596}",2013-05-18T15:08:30Z,0,22,51.2335027,2.9302043,WGS84,18,GPS,unverified,Larus argentatus,Animalia,species,Herring Gull
801:20130518151837,Event,en,http://creativecommons.org/publicdomain/zero/1.0/,INBO,http://www.inbo.be/en/norms-for-data-use,https://doi.org/10.15468/02omly,INBO,Bird tracking - GPS tracking of Lesser Black-backed Gulls and Herring Gulls breeding at the southern North Sea coast,INBO/VLIZ/UGent/UA,MachineObservation,see metadata,"{""device_info_serial"":801, ""catch_location"":""Vismijn, Oostende"", ""tracking_started_at"":""2013-05-17""}",male,adult,H903185,Jurgen,https://doi.org/10.1007/s10336-012-0908-1,"{""seconds_since_last_occurrence"":607}",2013-05-18T15:18:37Z,0,19,51.2334656,2.9301364,WGS84,12,GPS,unverified,Larus argentatus,Animalia,species,Herring Gull
801:20130518152827,Event,en,http://creativecommons.org/publicdomain/zero/1.0/,INBO,http://www.inbo.be/en/norms-for-data-use,https://doi.org/10.15468/02omly,INBO,Bird tracking - GPS tracking of Lesser Black-backed Gulls and Herring Gulls breeding at the southern North Sea coast,INBO/VLIZ/UGent/UA,MachineObservation,see metadata,"{""device_info_serial"":801, ""catch_location"":""Vismijn, Oostende"", ""tracking_started_at"":""2013-05-17""}",male,adult,H903185,Jurgen,https://doi.org/10.1007/s10336-012-0908-1,"{""seconds_since_last_occurrence"":590}",2013-05-18T15:28:27Z,0,10,51.233338,2.929868,WGS84,23,GPS,unverified,Larus argentatus,Animalia,species,Herring Gull
801:20130518153819,Event,en,http://creativecommons.org/publicdomain/zero/1.0/,INBO,http://www.inbo.be/en/norms-for-data-use,https://doi.org/10.15468/02omly,INBO,Bird tracking - GPS tracking of Lesser Black-backed Gulls and Herring Gulls breeding at the southern North Sea coast,INBO/VLIZ/UGent/UA,MachineObservation,see metadata,"{""device_info_serial"":801, ""catch_location"":""Vismijn, Oostende"", ""tracking_started_at"":""2013-05-17""}",male,adult,H903185,Jurgen,https://doi.org/10.1007/s10336-012-0908-1,"{""seconds_since_last_occurrence"":592}",2013-05-18T15:38:19Z,0,9,51.2333741,2.9299074,WGS84,22,GPS,unverified,Larus argentatus,Animalia,species,Herring Gull
801:20130518154815,Event,en,http://creativecommons.org/publicdomain/zero/1.0/,INBO,http://www.inbo.be/en/norms-for-data-use,https://doi.org/10.15468/02omly,INBO,Bird tracking - GPS tracking of Lesser Black-backed Gulls and Herring Gulls breeding at the southern North Sea coast,INBO/VLIZ/UGent/UA,MachineObservation,see metadata,"{""device_info_serial"":801, ""catch_location"":""Vismijn, Oostende"", ""tracking_started_at"":""2013-05-17""}",male,adult,H903185,Jurgen,https://doi.org/10.1007/s10336-012-0908-1,"{""seconds_since_last_occurrence"":596}",2013-05-18T15:48:15Z,0,13,51.2334375,2.9299583,WGS84,22,GPS,unverified,Larus argentatus,Animalia,species,Herring Gull
801:20130518155805,Event,en,http://creativecommons.org/publicdomain/zero/1.0/,INBO,http://www.inbo.be/en/norms-for-data-use,https://doi.org/10.15468/02omly,INBO,Bird tracking - GPS tracking of Lesser Black-backed Gulls and Herring Gulls breeding at the southern North Sea coast,INBO/VLIZ/UGent/UA,MachineObservation,see metadata,"{""device_info_serial"":801, ""catch_location"":""Vismijn, Oostende"", ""tracking_started_at"":""2013-05-17""}",male,adult,H903185,Jurgen,https://doi.org/10.1007/s10336-012-0908-1,"{""seconds_since_last_occurrence"":590}",2013-05-18T15:58:05Z,0,105,51.2330334,2.9301262,WGS84,21,GPS,unverified,Larus argentatus,Animalia,species,Herring Gull
801:20130518160755,Event,en,http://creativecommons.org/publicdomain/zero/1.0/,INBO,http://www.inbo.be/en/norms-for-data-use,https://doi.org/10.15468/02omly,INBO,Bird tracking - GPS tracking of Lesser Black-backed Gulls and Herring Gulls breeding at the southern North Sea coast,INBO/VLIZ/UGent/UA,MachineObservation,see metadata,"{""device_info_serial"":801, ""catch_location"":""Vismijn, Oostende"", ""tracking_started_at"":""2013-05-17""}",male,adult,H903185,Jurgen,https://doi.org/10.1007/s10336-012-0908-1,"{""seconds_since_last_occurrence"":590}",2013-05-18T16:07:55Z,0,9,51.2333655,2.9300301,WGS84,25,GPS,unverified,Larus argentatus,Animalia,species,Herring Gull
801:20130518161747,Event,en,http://creativecommons.org/publicdomain/zero/1.0/,INBO,http://www.inbo.be/en/norms-for-data-use,https://doi.org/10.15468/02omly,INBO,Bird tracking - GPS tracking of Lesser Black-backed Gulls and Herring Gulls breeding at the southern North Sea coast,INBO/VLIZ/UGent/UA,MachineObservation,see metadata,"{""device_info_serial"":801, ""catch_location"":""Vismijn, Oostende"", ""tracking_started_at"":""2013-05-17""}",male,adult,H903185,Jurgen,https://doi.org/10.1007/s10336-012-0908-1,"{""seconds_since_last_occurrence"":592}",2013-05-18T16:17:47Z,0,20,51.2334409,2.930123,WGS84,23,GPS,unverified,Larus argentatus,Animalia,species,Herring Gull
801:20130518162741,Event,en,http://creativecommons.org/publicdomain/zero/1.0/,INBO,http://www.inbo.be/en/norms-for-data-use,https://doi.org/10.15468/02omly,INBO,Bird tracking - GPS tracking of Lesser Black-backed Gulls and Herring Gulls breeding at the southern North Sea coast,INBO/VLIZ/UGent/UA,MachineObservation,see metadata,"{""device_info_serial"":801, ""catch_location"":""Vismijn, Oostende"", ""tracking_started_at"":""2013-05-17""}",male,adult,H903185,Jurgen,https://doi.org/10.1007/s10336-012-0908-1,"{""seconds_since_last_occurrence"":594}",2013-05-18T16:27:41Z,0,-1,51.2335429,2.9299865,WGS84,23,GPS,unverified,Larus argentatus,Animalia,species,Herring Gull
801:20130518163732,Event,en,http://creativecommons.org/publicdomain/zero/1.0/,INBO,http://www.inbo.be/en/norms-for-data-use,https://doi.org/10.15468/02omly,INBO,Bird tracking - GPS tracking of Lesser Black-backed Gulls and Herring Gulls breeding at the southern North Sea coast,INBO/VLIZ/UGent/UA,MachineObservation,see metadata,"{""device_info_serial"":801, ""catch_location"":""Vismijn, Oostende"", ""tracking_started_at"":""2013-05-17""}",male,adult,H903185,Jurgen,https://doi.org/10.1007/s10336-012-0908-1,"{""seconds_since_last_occurrence"":591}",2013-05-18T16:37:32Z,0,11,51.2334766,2.9300722,WGS84,24,GPS,unverified,Larus argentatus,Animalia,species,Herring Gull
801:20130518164725,Event,en,http://creativecommons.org/publicdomain/zero/1.0/,INBO,http://www.inbo.be/en/norms-for-data-use,https://doi.org/10.15468/02omly,INBO,Bird tracking - GPS tracking of Lesser Black-backed Gulls and Herring Gulls breeding at the southern North Sea coast,INBO/VLIZ/UGent/UA,MachineObservation,see metadata,"{""device_info_serial"":801, ""catch_location"":""Vismijn, Oostende"", ""tracking_started_at"":""2013-05-17""}",male,adult,H903185,Jurgen,https://doi.org/10.1007/s10336-012-0908-1,"{""seconds_since_last_occurrence"":593}",2013-05-18T16:47:25Z,0,3,51.233466,2.9300101,WGS84,21,GPS,unverified,Larus argentatus,Animalia,species,Herring Gull
801:20130518165716,Event,en,http://creativecommons.org/publicdomain/zero/1.0/,INBO,http://www.inbo.be/en/norms-for-data-use,https://doi.org/10.15468/02omly,INBO,Bird tracking - GPS tracking of Lesser Black-backed Gulls and Herring Gulls breeding at the southern North Sea coast,INBO/VLIZ/UGent/UA,MachineObservation,see metadata,"{""device_info_serial"":801, ""catch_location"":""Vismijn, Oostende"", ""tracking_started_at"":""2013-05-17""}",male,adult,H903185,Jurgen,https://doi.org/10.1007/s10336-012-0908-1,"{""seconds_since_last_occurrence"":591}",2013-05-18T16:57:16Z,0,11,51.2334011,2.9299988,WGS84,19,GPS,unverified,Larus argentatus,Animalia,species,Herring Gull
801:20130518170708,Event,en,http://creativecommons.org/publicdomain/zero/1.0/,INBO,http://www.inbo.be/en/norms-for-data-use,https://doi.org/10.15468/02omly,INBO,Bird tracking - GPS tracking of Lesser Black-backed Gulls and Herring Gulls breeding at the southern North Sea coast,INBO/VLIZ/UGent/UA,MachineObservation,see metadata,"{""device_info_serial"":801, ""catch_location"":""Vismijn, Oostende"", ""tracking_started_at"":""2013-05-17""}",male,adult,H903185,Jurgen,https://doi.org/10.1007/s10336-012-0908-1,"{""seconds_since_last_occurrence"":592}",2013-05-18T17:07:08Z,0,8,51.2334614,2.9301252,WGS84,26,GPS,unverified,Larus argentatus,Animalia,species,Herring Gull
801:20130518171705,Event,en,http://creativecommons.org/publicdomain/zero/1.0/,INBO,http://www.inbo.be/en/norms-for-data-use,https://doi.org/10.15468/02omly,INBO,Bird tracking - GPS tracking of Lesser Black-backed Gulls and Herring Gulls breeding at the southern North Sea coast,INBO/VLIZ/UGent/UA,MachineObservation,see metadata,"{""device_info_serial"":801, ""catch_location"":""Vismijn, Oostende"", ""tracking_started_at"":""2013-05-17""}",male,adult,H903185,Jurgen,https://doi.org/10.1007/s10336-012-0908-1,"{""seconds_since_last_occurrence"":597}",2013-05-18T17:17:05Z,0,39,51.2334533,2.9298974,WGS84,26,GPS,unverified,Larus argentatus,Animalia,species,Herring Gull
801:20130518172656,Event,en,http://creativecommons.org/publicdomain/zero/1.0/,INBO,http://www.inbo.be/en/norms-for-data-use,https://doi.org/10.15468/02omly,INBO,Bird tracking - GPS tracking of Lesser Black-backed Gulls and Herring Gulls breeding at the southern North Sea coast,INBO/VLIZ/UGent/UA,MachineObservation,see metadata,"{""device_info_serial"":801, ""catch_location"":""Vismijn, Oostende"", ""tracking_started_at"":""2013-05-17""}",male,adult,H903185,Jurgen,https://doi.org/10.1007/s10336-012-0908-1,"{""seconds_since_last_occurrence"":591}",2013-05-18T17:26:56Z,0,10,51.233583,2.9299663,WGS84,52,GPS,unverified,Larus argentatus,Animalia,species,Herring Gull
801:20130518173647,Event,en,http://creativecommons.org/publicdomain/zero/1.0/,INBO,http://www.inbo.be/en/norms-for-data-use,https://doi.org/10.15468/02omly,INBO,Bird tracking - GPS tracking of Lesser Black-backed Gulls and Herring Gulls breeding at the southern North Sea coast,INBO/VLIZ/UGent/UA,MachineObservation,see metadata,"{""device_info_serial"":801, ""catch_location"":""Vismijn, Oostende"", ""tracking_started_at"":""2013-05-17""}",male,adult,H903185,Jurgen,https://doi.org/10.1007/s10336-012-0908-1,"{""seconds_since_last_occurrence"":591}",2013-05-18T17:36:47Z,0,-3,51.2336974,2.9296881,WGS84,29,GPS,unverified,Larus argentatus,Animalia,species,Herring Gull
801:20130518174642,Event,en,http://creativecommons.org/publicdomain/zero/1.0/,INBO,http://www.inbo.be/en/norms-for-data-use,https://doi.org/10.15468/02omly,INBO,Bird tracking - GPS tracking of Lesser Black-backed Gulls and Herring Gulls breeding at the southern North Sea coast,INBO/VLIZ/UGent/UA,MachineObservation,see metadata,"{""device_info_serial"":801, ""catch_location"":""Vismijn, Oostende"", ""tracking_started_at"":""2013-05-17""}",male,adult,H903185,Jurgen,https://doi.org/10.1007/s10336-012-0908-1,"{""seconds_since_last_occurrence"":595}",2013-05-18T17:46:42Z,0,-20,51.2335495,2.9300441,WGS84,55,GPS,unverified,Larus argentatus,Animalia,species,Herring Gull
801:20130518175642,Event,en,http://creativecommons.org/publicdomain/zero/1.0/,INBO,http://www.inbo.be/en/norms-for-data-use,https://doi.org/10.15468/02omly,INBO,Bird tracking - GPS tracking of Lesser Black-backed Gulls and Herring Gulls breeding at the southern North Sea coast,INBO/VLIZ/UGent/UA,MachineObservation,see metadata,"{""device_info_serial"":801, ""catch_location"":""Vismijn, Oostende"", ""tracking_started_at"":""2013-05-17""}",male,adult,H903185,Jurgen,https://doi.org/10.1007/s10336-012-0908-1,"{""seconds_since_last_occurrence"":600}",2013-05-18T17:56:42Z,0,35,51.2336782,2.9298322,WGS84,27,GPS,unverified,Larus argentatus,Animalia,species,Herring Gull
801:20130518180209,Event,en,http://creativecommons.org/publicdomain/zero/1.0/,INBO,http://www.inbo.be/en/norms-for-data-use,https://doi.org/10.15468/02omly,INBO,Bird tracking - GPS tracking of Lesser Black-backed Gulls and Herring Gulls breeding at the southern North Sea coast,INBO/VLIZ/UGent/UA,MachineObservation,see metadata,"{""device_info_serial"":801, ""catch_location"":""Vismijn, Oostende"", ""tracking_started_at"":""2013-05-17""}",male,adult,H903185,Jurgen,https://doi.org/10.1007/s10336-012-0908-1,"{""seconds_since_last_occurrence"":327}",2013-05-18T18:02:09Z,0,17,51.2335254,2.9299164,WGS84,18,GPS,unverified,Larus argentatus,Animalia,species,Herring Gull
801:20130518181156,Event,en,http://creativecommons.org/publicdomain/zero/1.0/,INBO,http://www.inbo.be/en/norms-for-data-use,https://doi.org/10.15468/02omly,INBO,Bird tracking - GPS tracking of Lesser Black-backed Gulls and Herring Gulls breeding at the southern North Sea coast,INBO/VLIZ/UGent/UA,MachineObservation,see metadata,"{""device_info_serial"":801, ""catch_location"":""Vismijn, Oostende"", ""tracking_started_at"":""2013-05-17""}",male,adult,H903185,Jurgen,https://doi.org/10.1007/s10336-012-0908-1,"{""seconds_since_last_occurrence"":587}",2013-05-18T18:11:56Z,0,1,51.2334872,2.9300412,WGS84,19,GPS,unverified,Larus argentatus,Animalia,species,Herring Gull
801:20130518182150,Event,en,http://creativecommons.org/publicdomain/zero/1.0/,INBO,http://www.inbo.be/en/norms-for-data-use,https://doi.org/10.15468/02omly,INBO,Bird tracking - GPS tracking of Lesser Black-backed Gulls and Herring Gulls breeding at the southern North Sea coast,INBO/VLIZ/UGent/UA,MachineObservation,see metadata,"{""device_info_serial"":801, ""catch_location"":""Vismijn, Oostende"", ""tracking_started_at"":""2013-05-17""}",male,adult,H903185,Jurgen,https://doi.org/10.1007/s10336-012-0908-1,"{""seconds_since_last_occurrence"":594}",2013-05-18T18:21:50Z,0,-4,51.2333945,2.9296568,WGS84,26,GPS,unverified,Larus argentatus,Animalia,species,Herring Gull
801:20130518182726,Event,en,http://creativecommons.org/publicdomain/zero/1.0/,INBO,http://www.inbo.be/en/norms-for-data-use,https://doi.org/10.15468/02omly,INBO,Bird tracking - GPS tracking of Lesser Black-backed Gulls and Herring Gulls breeding at the southern North Sea coast,INBO/VLIZ/UGent/UA,MachineObservation,see metadata,"{""device_info_serial"":801, ""catch_location"":""Vismijn, Oostende"", ""tracking_started_at"":""2013-05-17""}",male,adult,H903185,Jurgen,https://doi.org/10.1007/s10336-012-0908-1,"{""seconds_since_last_occurrence"":336}",2013-05-18T18:27:26Z,0,14,51.2334604,2.9299802,WGS84,20,GPS,unverified,Larus argentatus,Animalia,species,Herring Gull
801:20130518183718,Event,en,http://creativecommons.org/publicdomain/zero/1.0/,INBO,http://www.inbo.be/en/norms-for-data-use,https://doi.org/10.15468/02omly,INBO,Bird tracking - GPS tracking of Lesser Black-backed Gulls and Herring Gulls breeding at the southern North Sea coast,INBO/VLIZ/UGent/UA,MachineObservation,see metadata,"{""device_info_serial"":801, ""catch_location"":""Vismijn, Oostende"", ""tracking_started_at"":""2013-05-17""}",male,adult,H903185,Jurgen,https://doi.org/10.1007/s10336-012-0908-1,"{""seconds_since_last_occurrence"":592}",2013-05-18T18:37:18Z,0,-30,51.233403,2.929967,WGS84,27,GPS,unverified,Larus argentatus,Animalia,species,Herring Gull
801:20130518184710,Event,en,http://creativecommons.org/publicdomain/zero/1.0/,INBO,http://www.inbo.be/en/norms-for-data-use,https://doi.org/10.15468/02omly,INBO,Bird tracking - GPS tracking of Lesser Black-backed Gulls and Herring Gulls breeding at the southern North Sea coast,INBO/VLIZ/UGent/UA,MachineObservation,see metadata,"{""device_info_serial"":801, ""catch_location"":""Vismijn, Oostende"", ""tracking_started_at"":""2013-05-17""}",male,adult,H903185,Jurgen,https://doi.org/10.1007/s10336-012-0908-1,"{""seconds_since_last_occurrence"":592}",2013-05-18T18:47:10Z,0,-7,51.2333947,2.9301816,WGS84,28,GPS,unverified,Larus argentatus,Animalia,species,Herring Gull
801:20130518185701,Event,en,http://creativecommons.org/publicdomain/zero/1.0/,INBO,http://www.inbo.be/en/norms-for-data-use,https://doi.org/10.15468/02omly,INBO,Bird tracking - GPS tracking of Lesser Black-backed Gulls and Herring Gulls breeding at the southern North Sea coast,INBO/VLIZ/UGent/UA,MachineObservation,see metadata,"{""device_info_serial"":801, ""catch_location"":""Vismijn, Oostende"", ""tracking_started_at"":""2013-05-17""}",male,adult,H903185,Jurgen,https://doi.org/10.1007/s10336-012-0908-1,"{""seconds_since_last_occurrence"":591}",2013-05-18T18:57:01Z,0,89,51.2329184,2.9305523,WGS84,14,GPS,unverified,Larus argentatus,Animalia,species,Herring Gull
801:20130518190709,Event,en,http://creativecommons.org/publicdomain/zero/1.0/,INBO,http://www.inbo.be/en/norms-for-data-use,https://doi.org/10.15468/02omly,INBO,Bird tracking - GPS tracking of Lesser Black-backed Gulls and Herring Gulls breeding at the southern North Sea coast,INBO/VLIZ/UGent/UA,MachineObservation,see metadata,"{""device_info_serial"":801, ""catch_location"":""Vismijn, Oostende"", ""tracking_started_at"":""2013-05-17""}",male,adult,H903185,Jurgen,https://doi.org/10.1007/s10336-012-0908-1,"{""seconds_since_last_occurrence"":608}",2013-05-18T19:07:09Z,0,8,51.2334526,2.9300932,WGS84,7,GPS,unverified,Larus argentatus,Animalia,species,Herring Gull
801:20130518191658,Event,en,http://creativecommons.org/publicdomain/zero/1.0/,INBO,http://www.inbo.be/en/norms-for-data-use,https://doi.org/10.15468/02omly,INBO,Bird tracking - GPS tracking of Lesser Black-backed Gulls and Herring Gulls breeding at the southern North Sea coast,INBO/VLIZ/UGent/UA,MachineObservation,see metadata,"{""device_info_serial"":801, ""catch_location"":""Vismijn, Oostende"", ""tracking_started_at"":""2013-05-17""}",male,adult,H903185,Jurgen,https://doi.org/10.1007/s10336-012-0908-1,"{""seconds_since_last_occurrence"":589}",2013-05-18T19:16:58Z,0,1,51.233427,2.9300996,WGS84,10,GPS,unverified,Larus argentatus,Animalia,species,Herring Gull
801:20130518192652,Event,en,http://creativecommons.org/publicdomain/zero/1.0/,INBO,http://www.inbo.be/en/norms-for-data-use,https://doi.org/10.15468/02omly,INBO,Bird tracking - GPS tracking of Lesser Black-backed Gulls and Herring Gulls breeding at the southern North Sea coast,INBO/VLIZ/UGent/UA,MachineObservation,see metadata,"{""device_info_serial"":801, ""catch_location"":""Vismijn, Oostende"", ""tracking_started_at"":""2013-05-17""}",male,adult,H903185,Jurgen,https://doi.org/10.1007/s10336-012-0908-1,"{""seconds_since_last_occurrence"":594}",2013-05-18T19:26:52Z,0,13,51.2521732,2.925137,WGS84,7,GPS,unverified,Larus argentatus,Animalia,species,Herring Gull
801:20130518193702,Event,en,http://creativecommons.org/publicdomain/zero/1.0/,INBO,http://www.inbo.be/en/norms-for-data-use,https://doi.org/10.15468/02omly,INBO,Bird tracking - GPS tracking of Lesser Black-backed Gulls and Herring Gulls breeding at the southern North Sea coast,INBO/VLIZ/UGent/UA,MachineObservation,see metadata,"{""device_info_serial"":801, ""catch_location"":""Vismijn, Oostende"", ""tracking_started_at"":""2013-05-17""}",male,adult,H903185,Jurgen,https://doi.org/10.1007/s10336-012-0908-1,"{""seconds_since_last_occurrence"":610}",2013-05-18T19:37:02Z,0,6,51.2738761,2.959856,WGS84,11,GPS,unverified,Larus argentatus,Animalia,species,Herring Gull
801:20130518194655,Event,en,http://creativecommons.org/publicdomain/zero/1.0/,INBO,http://www.inbo.be/en/norms-for-data-use,https://doi.org/10.15468/02omly,INBO,Bird tracking - GPS tracking of Lesser Black-backed Gulls and Herring Gulls breeding at the southern North Sea coast,INBO/VLIZ/UGent/UA,MachineObservation,see metadata,"{""device_info_serial"":801, ""catch_location"":""Vismijn, Oostende"", ""tracking_started_at"":""2013-05-17""}",male,adult,H903185,Jurgen,https://doi.org/10.1007/s10336-012-0908-1,"{""seconds_since_last_occurrence"":593}",2013-05-18T19:46:55Z,0,92,51.27881,2.9617432,WGS84,22,GPS,unverified,Larus argentatus,Animalia,species,Herring Gull
801:20130518195647,Event,en,http://creativecommons.org/publicdomain/zero/1.0/,INBO,http://www.inbo.be/en/norms-for-data-use,https://doi.org/10.15468/02omly,INBO,Bird tracking - GPS tracking of Lesser Black-backed Gulls and Herring Gulls breeding at the southern North Sea coast,INBO/VLIZ/UGent/UA,MachineObservation,see metadata,"{""device_info_serial"":801, ""catch_location"":""Vismijn, Oostende"", ""tracking_started_at"":""2013-05-17""}",male,adult,H903185,Jurgen,https://doi.org/10.1007/s10336-012-0908-1,"{""seconds_since_last_occurrence"":592}",2013-05-18T19:56:47Z,0,0,51.2921656,2.9291005,WGS84,15,GPS,unverified,Larus argentatus,Animalia,species,Herring Gull
801:20130518200639,Event,en,http://creativecommons.org/publicdomain/zero/1.0/,INBO,http://www.inbo.be/en/norms-for-data-use,https://doi.org/10.15468/02omly,INBO,Bird tracking - GPS tracking of Lesser Black-backed Gulls and Herring Gulls breeding at the southern North Sea coast,INBO/VLIZ/UGent/UA,MachineObservation,see metadata,"{""device_info_serial"":801, ""catch_location"":""Vismijn, Oostende"", ""tracking_started_at"":""2013-05-17""}",male,adult,H903185,Jurgen,https://doi.org/10.1007/s10336-012-0908-1,"{""seconds_since_last_occurrence"":592}",2013-05-18T20:06:39Z,0,-7,51.2878108,2.9139667,WGS84,16,GPS,unverified,Larus argentatus,Animalia,species,Herring Gull
801:20130518201803,Event,en,http://creativecommons.org/publicdomain/zero/1.0/,INBO,http://www.inbo.be/en/norms-for-data-use,https://doi.org/10.15468/02omly,INBO,Bird tracking - GPS tracking of Lesser Black-backed Gulls and Herring Gulls breeding at the southern North Sea coast,INBO/VLIZ/UGent/UA,MachineObservation,see metadata,"{""device_info_serial"":801, ""catch_location"":""Vismijn, Oostende"", ""tracking_started_at"":""2013-05-17""}",male,adult,H903185,Jurgen,https://doi.org/10.1007/s10336-012-0908-1,"{""seconds_since_last_occurrence"":684}",2013-05-18T20:18:03Z,0,-4,51.2838029,2.9050294,WGS84,35,GPS,unverified,Larus argentatus,Animalia,species,Herring Gull
801:20130518202817,Event,en,http://creativecommons.org/publicdomain/zero/1.0/,INBO,http://www.inbo.be/en/norms-for-data-use,https://doi.org/10.15468/02omly,INBO,Bird tracking - GPS tracking of Lesser Black-backed Gulls and Herring Gulls breeding at the southern North Sea coast,INBO/VLIZ/UGent/UA,MachineObservation,see metadata,"{""device_info_serial"":801, ""catch_location"":""Vismijn, Oostende"", ""tracking_started_at"":""2013-05-17""}",male,adult,H903185,Jurgen,https://doi.org/10.1007/s10336-012-0908-1,"{""seconds_since_last_occurrence"":614}",2013-05-18T20:28:17Z,0,27,51.2335206,2.9301348,WGS84,32,GPS,unverified,Larus argentatus,Animalia,species,Herring Gull
801:20130518203833,Event,en,http://creativecommons.org/publicdomain/zero/1.0/,INBO,http://www.inbo.be/en/norms-for-data-use,https://doi.org/10.15468/02omly,INBO,Bird tracking - GPS tracking of Lesser Black-backed Gulls and Herring Gulls breeding at the southern North Sea coast,INBO/VLIZ/UGent/UA,MachineObservation,see metadata,"{""device_info_serial"":801, ""catch_location"":""Vismijn, Oostende"", ""tracking_started_at"":""2013-05-17""}",male,adult,H903185,Jurgen,https://doi.org/10.1007/s10336-012-0908-1,"{""seconds_since_last_occurrence"":616}",2013-05-18T20:38:33Z,0,17,51.2335018,2.9301138,WGS84,8,GPS,unverified,Larus argentatus,Animalia,species,Herring Gull
801:20130518204829,Event,en,http://creativecommons.org/publicdomain/zero/1.0/,INBO,http://www.inbo.be/en/norms-for-data-use,https://doi.org/10.15468/02omly,INBO,Bird tracking - GPS tracking of Lesser Black-backed Gulls and Herring Gulls breeding at the southern North Sea coast,INBO/VLIZ/UGent/UA,MachineObservation,see metadata,"{""device_info_serial"":801, ""catch_location"":""Vismijn, Oostende"", ""tracking_started_at"":""2013-05-17""}",male,adult,H903185,Jurgen,https://doi.org/10.1007/s10336-012-0908-1,"{""seconds_since_last_occurrence"":596}",2013-05-18T20:48:29Z,0,13,51.2334447,2.9301423,WGS84,11,GPS,unverified,Larus argentatus,Animalia,species,Herring Gull
801:20130518205818,Event,en,http://creativecommons.org/publicdomain/zero/1.0/,INBO,http://www.inbo.be/en/norms-for-data-use,https://doi.org/10.15468/02omly,INBO,Bird tracking - GPS tracking of Lesser Black-backed Gulls and Herring Gulls breeding at the southern North Sea coast,INBO/VLIZ/UGent/UA,MachineObservation,see metadata,"{""device_info_serial"":801, ""catch_location"":""Vismijn, Oostende"", ""tracking_started_at"":""2013-05-17""}",male,adult,H903185,Jurgen,https://doi.org/10.1007/s10336-012-0908-1,"{""seconds_since_last_occurrence"":589}",2013-05-18T20:58:18Z,0,20,51.2335884,2.9300476,WGS84,14,GPS,unverified,Larus argentatus,Animalia,species,Herring Gull
801:20130518210810,Event,en,http://creativecommons.org/publicdomain/zero/1.0/,INBO,http://www.inbo.be/en/norms-for-data-use,https://doi.org/10.15468/02omly,INBO,Bird tracking - GPS tracking of Lesser Black-backed Gulls and Herring Gulls breeding at the southern North Sea coast,INBO/VLIZ/UGent/UA,MachineObservation,see metadata,"{""device_info_serial"":801, ""catch_location"":""Vismijn, Oostende"", ""tracking_started_at"":""2013-05-17""}",male,adult,H903185,Jurgen,https://doi.org/10.1007/s10336-012-0908-1,"{""seconds_since_last_occurrence"":592}",2013-05-18T21:08:10Z,0,17,51.2335899,2.9300658,WGS84,13,GPS,unverified,Larus argentatus,Animalia,species,Herring Gull
801:20130518211802,Event,en,http://creativecommons.org/publicdomain/zero/1.0/,INBO,http://www.inbo.be/en/norms-for-data-use,https://doi.org/10.15468/02omly,INBO,Bird tracking - GPS tracking of Lesser Black-backed Gulls and Herring Gulls breeding at the southern North Sea coast,INBO/VLIZ/UGent/UA,MachineObservation,see metadata,"{""device_info_serial"":801, ""catch_location"":""Vismijn, Oostende"", ""tracking_started_at"":""2013-05-17""}",male,adult,H903185,Jurgen,https://doi.org/10.1007/s10336-012-0908-1,"{""seconds_since_last_occurrence"":592}",2013-05-18T21:18:02Z,0,7,51.2334562,2.9300167,WGS84,15,GPS,unverified,Larus argentatus,Animalia,species,Herring Gull
801:20130518212755,Event,en,http://creativecommons.org/publicdomain/zero/1.0/,INBO,http://www.inbo.be/en/norms-for-data-use,https://doi.org/10.15468/02omly,INBO,Bird tracking - GPS tracking of Lesser Black-backed Gulls and Herring Gulls breeding at the southern North Sea coast,INBO/VLIZ/UGent/UA,MachineObservation,see metadata,"{""device_info_serial"":801, ""catch_location"":""Vismijn, Oostende"", ""tracking_started_at"":""2013-05-17""}",male,adult,H903185,Jurgen,https://doi.org/10.1007/s10336-012-0908-1,"{""seconds_since_last_occurrence"":593}",2013-05-18T21:27:55Z,0,27,51.2336298,2.9299785,WGS84,21,GPS,unverified,Larus argentatus,Animalia,species,Herring Gull
801:20130518213758,Event,en,http://creativecommons.org/publicdomain/zero/1.0/,INBO,http://www.inbo.be/en/norms-for-data-use,https://doi.org/10.15468/02omly,INBO,Bird tracking - GPS tracking of Lesser Black-backed Gulls and Herring Gulls breeding at the southern North Sea coast,INBO/VLIZ/UGent/UA,MachineObservation,see metadata,"{""device_info_serial"":801, ""catch_location"":""Vismijn, Oostende"", ""tracking_started_at"":""2013-05-17""}",male,adult,H903185,Jurgen,https://doi.org/10.1007/s10336-012-0908-1,"{""seconds_since_last_occurrence"":603}",2013-05-18T21:37:58Z,0,13,51.2335352,2.9301095,WGS84,19,GPS,unverified,Larus argentatus,Animalia,species,Herring Gull
801:20130518214805,Event,en,http://creativecommons.org/publicdomain/zero/1.0/,INBO,http://www.inbo.be/en/norms-for-data-use,https://doi.org/10.15468/02omly,INBO,Bird tracking - GPS tracking of Lesser Black-backed Gulls and Herring Gulls breeding at the southern North Sea coast,INBO/VLIZ/UGent/UA,MachineObservation,see metadata,"{""device_info_serial"":801, ""catch_location"":""Vismijn, Oostende"", ""tracking_started_at"":""2013-05-17""}",male,adult,H903185,Jurgen,https://doi.org/10.1007/s10336-012-0908-1,"{""seconds_since_last_occurrence"":607}",2013-05-18T21:48:05Z,0,18,51.2335402,2.9300498,WGS84,10,GPS,unverified,Larus argentatus,Animalia,species,Herring Gull
801:20130518215803,Event,en,http://creativecommons.org/publicdomain/zero/1.0/,INBO,http://www.inbo.be/en/norms-for-data-use,https://doi.org/10.15468/02omly,INBO,Bird tracking - GPS tracking of Lesser Black-backed Gulls and Herring Gulls breeding at the southern North Sea coast,INBO/VLIZ/UGent/UA,MachineObservation,see metadata,"{""device_info_serial"":801, ""catch_location"":""Vismijn, Oostende"", ""tracking_started_at"":""2013-05-17""}",male,adult,H903185,Jurgen,https://doi.org/10.1007/s10336-012-0908-1,"{""seconds_since_last_occurrence"":598}",2013-05-18T21:58:03Z,0,21,51.2335459,2.9300415,WGS84,9,GPS,unverified,Larus argentatus,Animalia,species,Herring Gull
801:20130518220754,Event,en,http://creativecommons.org/publicdomain/zero/1.0/,INBO,http://www.inbo.be/en/norms-for-data-use,https://doi.org/10.15468/02omly,INBO,Bird tracking - GPS tracking of Lesser Black-backed Gulls and Herring Gulls breeding at the southern North Sea coast,INBO/VLIZ/UGent/UA,MachineObservation,see metadata,"{""device_info_serial"":801, ""catch_location"":""Vismijn, Oostende"", ""tracking_started_at"":""2013-05-17""}",male,adult,H903185,Jurgen,https://doi.org/10.1007/s10336-012-0908-1,"{""seconds_since_last_occurrence"":591}",2013-05-18T22:07:54Z,0,19,51.2335454,2.9300463,WGS84,8,GPS,unverified,Larus argentatus,Animalia,species,Herring Gull
801:20130518221746,Event,en,http://creativecommons.org/publicdomain/zero/1.0/,INBO,http://www.inbo.be/en/norms-for-data-use,https://doi.org/10.15468/02omly,INBO,Bird tracking - GPS tracking of Lesser Black-backed Gulls and Herring Gulls breeding at the southern North Sea coast,INBO/VLIZ/UGent/UA,MachineObservation,see metadata,"{""device_info_serial"":801, ""catch_location"":""Vismijn, Oostende"", ""tracking_started_at"":""2013-05-17""}",male,adult,H903185,Jurgen,https://doi.org/10.1007/s10336-012-0908-1,"{""seconds_since_last_occurrence"":592}",2013-05-18T22:17:46Z,0,17,51.2335539,2.9301123,WGS84,14,GPS,unverified,Larus argentatus,Animalia,species,Herring Gull
801:20130518222738,Event,en,http://creativecommons.org/publicdomain/zero/1.0/,INBO,http://www.inbo.be/en/norms-for-data-use,https://doi.org/10.15468/02omly,INBO,Bird tracking - GPS tracking of Lesser Black-backed Gulls and Herring Gulls breeding at the southern North Sea coast,INBO/VLIZ/UGent/UA,MachineObservation,see metadata,"{""device_info_serial"":801, ""catch_location"":""Vismijn, Oostende"", ""tracking_started_at"":""2013-05-17""}",male,adult,H903185,Jurgen,https://doi.org/10.1007/s10336-012-0908-1,"{""seconds_since_last_occurrence"":592}",2013-05-18T22:27:38Z,0,15,51.2335361,2.9300605,WGS84,13,GPS,unverified,Larus argentatus,Animalia,species,Herring Gull
801:20130518223730,Event,en,http://creativecommons.org/publicdomain/zero/1.0/,INBO,http://www.inbo.be/en/norms-for-data-use,https://doi.org/10.15468/02omly,INBO,Bird tracking - GPS tracking of Lesser Black-backed Gulls and Herring Gulls breeding at the southern North Sea coast,INBO/VLIZ/UGent/UA,MachineObservation,see metadata,"{""device_info_serial"":801, ""catch_location"":""Vismijn, Oostende"", ""tracking_started_at"":""2013-05-17""}",male,adult,H903185,Jurgen,https://doi.org/10.1007/s10336-012-0908-1,"{""seconds_since_last_occurrence"":592}",2013-05-18T22:37:30Z,0,13,51.2335496,2.9301028,WGS84,13,GPS,unverified,Larus argentatus,Animalia,species,Herring Gull
801:20130518224722,Event,en,http://creativecommons.org/publicdomain/zero/1.0/,INBO,http://www.inbo.be/en/norms-for-data-use,https://doi.org/10.15468/02omly,INBO,Bird tracking - GPS tracking of Lesser Black-backed Gulls and Herring Gulls breeding at the southern North Sea coast,INBO/VLIZ/UGent/UA,MachineObservation,see metadata,"{""device_info_serial"":801, ""catch_location"":""Vismijn, Oostende"", ""tracking_started_at"":""2013-05-17""}",male,adult,H903185,Jurgen,https://doi.org/10.1007/s10336-012-0908-1,"{""seconds_since_last_occurrence"":592}",2013-05-18T22:47:22Z,0,14,51.2335297,2.9300972,WGS84,10,GPS,unverified,Larus argentatus,Animalia,species,Herring Gull
801:20130518225714,Event,en,http://creativecommons.org/publicdomain/zero/1.0/,INBO,http://www.inbo.be/en/norms-for-data-use,https://doi.org/10.15468/02omly,INBO,Bird tracking - GPS tracking of Lesser Black-backed Gulls and Herring Gulls breeding at the southern North Sea coast,INBO/VLIZ/UGent/UA,MachineObservation,see metadata,"{""device_info_serial"":801, ""catch_location"":""Vismijn, Oostende"", ""tracking_started_at"":""2013-05-17""}",male,adult,H903185,Jurgen,https://doi.org/10.1007/s10336-012-0908-1,"{""seconds_since_last_occurrence"":592}",2013-05-18T22:57:14Z,0,13,51.2335277,2.9300818,WGS84,9,GPS,unverified,Larus argentatus,Animalia,species,Herring Gull
801:20130518235738,Event,en,http://creativecommons.org/publicdomain/zero/1.0/,INBO,http://www.inbo.be/en/norms-for-data-use,https://doi.org/10.15468/02omly,INBO,Bird tracking - GPS tracking of Lesser Black-backed Gulls and Herring Gulls breeding at the southern North Sea coast,INBO/VLIZ/UGent/UA,MachineObservation,see metadata,"{""device_info_serial"":801, ""catch_location"":""Vismijn, Oostende"", ""tracking_started_at"":""2013-05-17""}",male,adult,H903185,Jurgen,https://doi.org/10.1007/s10336-012-0908-1,"{""seconds_since_last_occurrence"":3624}",2013-05-18T23:57:38Z,0,14,51.2335282,2.93007,WGS84,8,GPS,unverified,Larus argentatus,Animalia,species,Herring Gull
801:20130519005733,Event,en,http://creativecommons.org/publicdomain/zero/1.0/,INBO,http://www.inbo.be/en/norms-for-data-use,https://doi.org/10.15468/02omly,INBO,Bird tracking - GPS tracking of Lesser Black-backed Gulls and Herring Gulls breeding at the southern North Sea coast,INBO/VLIZ/UGent/UA,MachineObservation,see metadata,"{""device_info_serial"":801, ""catch_location"":""Vismijn, Oostende"", ""tracking_started_at"":""2013-05-17""}",male,adult,H903185,Jurgen,https://doi.org/10.1007/s10336-012-0908-1,"{""seconds_since_last_occurrence"":3595}",2013-05-19T00:57:33Z,0,28,51.2333914,2.9301883,WGS84,16,GPS,unverified,Larus argentatus,Animalia,species,Herring Gull
801:20130519015744,Event,en,http://creativecommons.org/publicdomain/zero/1.0/,INBO,http://www.inbo.be/en/norms-for-data-use,https://doi.org/10.15468/02omly,INBO,Bird tracking - GPS tracking of Lesser Black-backed Gulls and Herring Gulls breeding at the southern North Sea coast,INBO/VLIZ/UGent/UA,MachineObservation,see metadata,"{""device_info_serial"":801, ""catch_location"":""Vismijn, Oostende"", ""tracking_started_at"":""2013-05-17""}",male,adult,H903185,Jurgen,https://doi.org/10.1007/s10336-012-0908-1,"{""seconds_since_last_occurrence"":3611}",2013-05-19T01:57:44Z,0,-80,51.2337487,2.9290074,WGS84,44,GPS,unverified,Larus argentatus,Animalia,species,Herring Gull
